{"cameraMode":{"drawMode":0,"name":"Shaded","section":"Shading Mode"},"sceneLighting":false,"audioPlay":false,"sceneViewState":{"showFog":true,"showMaterialUpdate":false,"showSkybox":true,"showFlares":true,"showImageEffects":true,"showParticleSystems":true},"in2DMode":false,"pivot":{"x":1.1449134349822999,"y":0.6533701419830322,"z":-2.045584201812744},"rotation":{"x":-0.08935443311929703,"y":0.90225750207901,"z":-0.3565013110637665,"w":-0.22597874701023103},"size":1.2974371910095215,"orthographic":false}