{"cameraMode":{"drawMode":0,"name":"Shaded","section":"Shading Mode"},"sceneLighting":false,"audioPlay":false,"sceneViewState":{"showFog":true,"showMaterialUpdate":false,"showSkybox":true,"showFlares":true,"showImageEffects":true,"showParticleSystems":true},"in2DMode":false,"pivot":{"x":1.6260992288589478,"y":-0.7050544023513794,"z":3.3547708988189699},"rotation":{"x":-0.3351747393608093,"y":0.01795484498143196,"z":-0.006751667242497206,"w":-0.9421247839927673},"size":1.6518745422363282,"orthographic":false}