{"cameraMode":{"drawMode":0,"name":"Shaded","section":"Shading Mode"},"sceneLighting":false,"audioPlay":false,"sceneViewState":{"showFog":true,"showMaterialUpdate":false,"showSkybox":true,"showFlares":true,"showImageEffects":true,"showParticleSystems":true},"in2DMode":false,"pivot":{"x":1.5279403924942017,"y":2.2839598655700685,"z":-2.488081932067871},"rotation":{"x":-0.042620569467544559,"y":0.1682243049144745,"z":-0.007655122317373753,"w":-0.9849525094032288},"size":0.7518746256828308,"orthographic":false}