{"cameraMode":{"drawMode":0,"name":"Shaded","section":"Shading Mode"},"sceneLighting":false,"audioPlay":false,"sceneViewState":{"showFog":true,"showMaterialUpdate":false,"showSkybox":true,"showFlares":true,"showImageEffects":true,"showParticleSystems":true},"in2DMode":false,"pivot":{"x":-0.05349844694137573,"y":1.371880054473877,"z":2.0501370429992677},"rotation":{"x":-0.017679626122117044,"y":-0.9720410108566284,"z":0.2222660779953003,"w":-0.07652993500232697},"size":2.3217945098876955,"orthographic":false}