{"cameraMode":{"drawMode":0,"name":"Shaded","section":"Shading Mode"},"sceneLighting":false,"audioPlay":false,"sceneViewState":{"showFog":true,"showMaterialUpdate":false,"showSkybox":true,"showFlares":true,"showImageEffects":true,"showParticleSystems":true},"in2DMode":false,"pivot":{"x":-0.7122282981872559,"y":0.5677950382232666,"z":1.0171338319778443},"rotation":{"x":-0.1818619966506958,"y":-0.5499814748764038,"z":0.12384559959173203,"w":-0.8058549761772156},"size":2.497437000274658,"orthographic":false}