{"cameraMode":{"drawMode":0,"name":"Shaded","section":"Shading Mode"},"sceneLighting":false,"audioPlay":false,"sceneViewState":{"showFog":true,"showMaterialUpdate":false,"showSkybox":true,"showFlares":true,"showImageEffects":true,"showParticleSystems":true},"in2DMode":false,"pivot":{"x":2.3002896308898927,"y":0.5325937271118164,"z":2.4447920322418215},"rotation":{"x":-0.25741666555404665,"y":0.4532499313354492,"z":-0.1389593631029129,"w":-0.8422597050666809},"size":2.021794557571411,"orthographic":false}